text,predicted,sentiment,stars,aspect,signal_correct
I had a good burger on a gluten free bun for about $15.00. Service was attentive but there were only two tables in late afternoon. The yam fries were so hot I burned my mouth.,Positive,neutral,3.0,ambience,False
Great food. Terrible customer service. I've been three times and I've had two different older waitresses. Not pleasant to deal with whatsoever. The owner on the other hand is lovely.,Positive,neutral,3.0,food,False
"Let me start by saying that I love In N Out and I would give In N Out 5 stars hands down for the food alone.  I am giving 3 stars for this location only and here is why......we got in there, granted it was pretty late, but the place looked like a freaking tornado hit it I swear!  Food and trash all over the damn place.  Tables werent wiped down or anything.  Pretty nasty site to see.  We ordered our food and it took like 15 minutes to get it and it wasnt even that crowded which is rare.  In N Out usually pumps out your food asap but tonight they lagged big time.  The last straw was that we got our food and our burgers still had a tad of pink in them.  This is the second time, both times here at this In N Out I have ever had that happen to me.  Both times resulting in some stomach problems if you know what I mean.  The fries tasted a tad funky too like they were sitting out for awhile.  Chocolate shake was bomb as usual.  Well thats my story and Im sticking to it.....all other In N Outs that I have ever been to....5 stars....this one in Goleta....only 3.",Negative,neutral,3.0,food,False
"A place just for Mac and Cheese? Yes pl(ch)eeeeseee!  hearing about this place and I automatically knew I had to come and try it out. I really like the food! You get to build your own or select from the premade menu items! Cheesy? meaty options?satisfying?

the environment is great. The tables face towards the windows so u can look outside. The shop itself is pretty small so there aren't many tables, but that's alright. 

Food comes quick and price for Mac and cheese is alright I guess. I think it's a bit much for how much you get (pretty small) and it's not like it's the BEST Mac I've ever tasted though. I was expecting a bit more since this place specializes in Mac and cheese afterall. Still give this place a try though! It's still very delicious",Positive,neutral,3.0,food,False
2 floors to dance with different music on both floors. Very crowded but a good time all the same. I will be going here again in the near future,Neutral,positive,4.0,ambience,False
This place is great.  You can eat or just shop.  Everyone is helpful and friendly.  Lovely local shop.,Neutral,positive,4.0,food,False
"J's Seafood Dock was not busy, quick to take our order, and had plenty of seating. 

The jambalaya was really flavorful with just the right amount of heat, but very short on andouille and chicken. It had no shrimp in it at all. 

'Real Creole Shrimp Tacos' were more like real creole lettuce tacos. Maybe we should have known because the sample did not have a lot of shrimp so we ordered at our own risk. Flavorful sauce and tasty tortillas though.",Positive,neutral,3.0,price,False
"Best Donut of my entire life. And most of St Louis, a donut town, mind you, agrees with me.",Neutral,positive,5.0,location,False
"I freaking love this food. I didn't get a hot dog but all the reviews about caramelos made me need one. I also got a cabeza taco on a whim and OH MY GOSH, new favorite. Hello face meat, I love you! It's inexpensive and tastes GREAT. I just wish they were more clear on how/where to pay. We asked and were told one thing but ended up having to do something else. It won't keep me from coming back at all, but it was annoying.",Negative,positive,4.0,price,False
"I am a fan of the egg sandwich, the cornbread casserole and the coffee cake. Friendly neighborhood breakfast spot.",Neutral,positive,4.0,food,False
Was thrilled with our toast being served hot. Few places manage to do that. However very uncomfortable booths. Bad parking lot. Not enough spots. So no reason to return.,Positive,negative,1.0,food,False
"If you eat here with a baby you better hope they don't need to be changed!!!! How can a restaurant who serves families NOT have a diaper changing station?!?!?!?!  I had to cut my meal short to change  my child's diaper in the trunk of my car in 50 degree weather. Thank god this was not the middle of winter, if it had been, I would have changed her right at the hostess station!!",Positive,negative,1.0,location,False
"This was my first time, but my dining companion has been before and pointed out a few changes. I had the portobello stuffed pretzel and he had the black bean burger. Both were fine. Our complaint was with the sides. The options were Ruffles or store bought pasta salad. My companion said they used to have sweet potato fries so he was really disappointed since that's why we came. I think we'll stick to stopping in for a drink and skip eating there.",Positive,neutral,3.0,service,False
"But, It might be a 2 stars.  All of the staff were great, but the 2 room suite with a small version of a kitchen was more like a 2.  Poorly done ""remodel"" or just plain in need of remodeling.  Bummer",Negative,neutral,3.0,service,False
"Been coming to Ron's since the 90s and we love it! I can't tell you much about the menu because I always get an Oval. (Red white and Blue is my favorite.)They have a nice beer list and good bar specials. A bit loud when there is live music. But it's a nice place to meet with a friend for a drink or take the family for dinner. Ron's has grown imensly since the 90s but still has great food. 

We also order take-out, pizza and ovals on occasion. Their convenient take-out side makes pick up quick and easy, not to mention their nice beer selection.

Service can be a bit slow and I never go on Friday or Saturday night because I know the wait will be too long. But on off nights, a Ron's Oval is a treat!",Negative,positive,4.0,service,False
"The staff is great. They are friendly, genuine and caring. But how on earth are we supposed to relax or sleep in a room that feels like 86+ degrees. 

It was 100 degrees outside and we needed to cool off and relax after driving up from Maryland. There was no relief in our room even though the thermostat said 60. They brought up two box fans when we asked so that helped a tad but when we're staying in a $400 rm hotel, I expect a comfortable room. Even room service noticed it was extremely hot and we should keep fighting. It was cooler in the hallway.

PROs:
- 1/2 mile from Liberty Bell and attractions 
- cool hotel, different from Marriott that's right across the street 
- cool bar, food served till midnight 
- 24 Hr room service 
- pay as you drink bar in the room
- the manager was nice enough to comp us all fees outside of the room charge (parking, meals, etc)
- valet gave us cold bottled waters after asking how our stay went
- Starbucks across front door 

CONs:
- older hotel with a ton of floors 
- not the Marriott with all of its newer features like A/C
- tough to pump the A/C up to the 17th floor especially when it's a million degrees outside 
- they were willing to move us rooms but the only one available was a double bed and the air wasn't much cooler, not worth the move
- they said engineers were working it but they never came to our room 
- foyer and elevators smell old and musty
- valet-only parking is on 12th St: $48/night with in/out privileges 
- no fridge except for bar fridge, we shoved our leftover cheesesteak sandwich in there
- we woke up in the heat and couldn't wait to get out of there
- I'll never stay again",Positive,negative,2.0,price,False
"I love the sturdy buns which provide an excellent foil for the classic and/or inventive toppings. The Cincinnati Skyline may be the best chilli and cheese topping I've ever had and if you ask, they will put it on their excellent frites. My one beef with this place is, in fact, the beef - they use all-beef Sabbrett franks and I just don't like all-beef dogs. I wish they would add a pork/veal Vienna-style frank. They already offer a veggie dog option, so what's one more? Also, $6 is a little pricy for what you get, but I don't mind paying extra for quality. Just get some porky dogs! Oh, and little pickled hot peppers for the Chicago dog - even Sonic uses those.",Negative,positive,4.0,price,False
"A quaint old-style southern restaurant.  I had the brownie sundae (sugar coma!) and hubby had a malt.  we got there just at closing.  a lady was playing a piano and came by our table to ask for song requests.   I read that the place used to be a drug store on the ground floor and a hospital on the 2nd floor-built in 1898 (?).  It's got charming atmosphere and the desserts are hand made, not shipped in.",Positive,neutral,3.0,location,False
"We found this place while traveling on Yelp. Thought we would try it due to high rating. Good food and friendly staff. Little confusing the first time you order. Opportunity exist to make it easier to order and prices. Otherwise, 5 stars.",Negative,positive,4.0,price,False
