topic_id,label,keywords,size
0,General Experience,"place, great, food, good, service, really, go, best",32363
1,Fast Food & American,"chicken, pizza, good, sauce, ordered, burger, cheese, salad",2993
2,Hotels,"room, hotel, stay, clean, nice, bathroom, staff, bed",622
3,Hair & Auto Services,"car, work, hair, day, job, year, called, customer",1921
4,Cafes & Desserts,"coffee, cream, ice, cake, chocolate, tea, flavor, donut",281
5,Fine Dining,"wine, shrimp, restaurant, dinner, dish, meal, appetizer, crab",754
6,Complaints,"time, u, would, one, back, got, didnt, order",10364
7,Bars & Nightlife,"bar, drink, night, music, bartender, game, seating, outside",127
8,Pet & Retail,"store, dog, shop, buy, find, lot, park, item",389
9,Asian Cuisine,"roll, sushi, thai, soup, rice, noodle, dish, tour",71
10,Breakfast & Brunch,"breakfast, egg, brunch, pancake, french, coffee, toast, bacon",115
